# Reference: Roscoe et al.  JMB 2013 (Supplementary Table S2)  PMID: 23376099,
# Mutants with low abundance in library or depleted during growth are marked with nan values.,
# Experimental data columns: selection_coefficient,
mutant,selection_coefficient
Q2Q,0.0032
Q2A,-0.9
Q2C,-0.44
Q2G,-0.7
Q2M,-0.04
Q2P,-0.96
Q2S,-0.33
Q2T,-0.37
I3A,-0.19
I3C,-0.03
I3E,-0.99
I3G,-1.04
I3M,0.01
I3L,0.01
I3N,-1.03
I3Q,-0.89
I3S,-0.35
I3R,-0.33
I3T,-0.12
I3V,0.03
F4A,-0.61
F4C,-0.38
F4D,-0.65
F4G,-0.55
F4I,-0.29
F4H,-0.48
F4M,-0.05
F4L,-0.07
F4N,-0.8
F4Q,-0.73
F4P,-0.84
F4S,-0.71
F4T,-0.63
F4W,-0.34
F4Y,-0.35
V5A,-0.04
V5C,-0.02
V5D,-1.1
V5G,-0.9
V5F,-0.15
V5I,-0.03
V5M,-0.08
V5L,-0.05
V5S,-0.51
V5T,-0.12
V5Y,-0.14
K6A,-0.11
K6C,-0.48
K6E,-0.73
K6G,-0.13
K6F,-0.61
K6I,-0.33
K6H,-0.11
K6M,-0.18
K6L,-0.36
K6N,-0.14
K6Q,-0.06
K6P,-1.15
K6S,-0.09
K6R,-0.05
K6T,-0.11
K6W,-0.89
K6V,-0.11
K6Y,-0.19
T7A,-0.01
T7C,-0.08
T7E,-0.39
T7D,-0.94
T7G,-0.15
T7F,-0.89
T7I,-0.75
T7H,-0.37
T7M,-0.45
T7L,-0.5
T7N,-0.08
T7Q,-0.49
T7P,-0.35
T7S,-0.02
T7R,-0.8
T7V,-0.49
T7Y,-1.08
L8A,-0.66
L8C,-0.94
L8E,-0.68
L8G,-0.62
L8F,-0.59
L8I,-0.07
L8H,-0.86
L8K,-0.81
L8M,-0.34
L8N,-0.54
L8P,-0.87
L8S,-0.65
L8R,-0.62
L8T,-0.91
L8W,-1.11
L8V,-0.16
L8Y,-0.69
T9A,-0.02
T9C,-0.06
T9D,-0.62
T9G,-0.12
T9F,-0.95
T9I,-0.11
T9H,-0.15
T9K,-1.16
T9M,-0.07
T9L,-0.08
T9N,-0.07
T9Q,-0.04
T9P,-0.21
T9S,-0.04
T9R,-0.45
T9W,-1.12
T9V,-0.06
T9Y,-0.92
G10A,-0.47
G10C,-0.54
G10E,-0.76
G10D,-0.73
G10H,-0.52
G10K,-1.05
G10L,-0.68
G10N,-0.12
G10Q,-0.38
G10P,-0.96
G10S,-0.5
G10R,-0.71
G10T,-0.85
K11A,-0.05
K11C,-0.12
K11E,-0.89
K11D,-0.63
K11G,-0.07
K11F,-0.47
K11I,-0.33
K11H,-0.07
K11M,-0.06
K11L,-0.17
K11N,-0.05
K11Q,-0.06
K11P,-0.45
K11S,-0.03
K11R,-0.06
K11T,-0.03
K11W,-1.03
K11V,-0.31
K11Y,-0.68
T12A,-0.41
T12C,-0.08
T12F,-0.92
T12I,-0.54
T12H,-0.2
T12N,-0.33
T12P,-0.56
T12S,-0.01
T12Y,-0.09
I13A,-0.14
I13C,-0.15
I13E,-0.17
I13D,-0.17
I13G,-0.13
I13H,-0.47
I13K,-0.14
I13M,0.02
I13L,-0.01
I13N,-0.06
I13Q,-0.19
I13P,-0.87
I13S,-0.06
I13R,-0.18
I13T,0
I13W,-0.75
I13V,-0.02
I13Y,-0.37
T14A,0
T14C,0
T14G,-0.01
T14I,-0.16
T14K,-0.51
T14L,-0.49
T14P,-0.16
T14S,0.01
T14R,-0.38
T14V,-0.03
L15A,-0.01
L15C,0.01
L15E,-0.21
L15D,-0.91
L15G,-0.96
L15F,0
L15I,0.01
L15H,-0.46
L15M,-0.02
L15N,-1.45
L15Q,-0.07
L15P,-0.44
L15S,-0.38
L15R,-0.66
L15T,0
L15W,-0.57
L15V,0.02
L15Y,-0.03
E16A,0
E16C,-0.02
E16D,0
E16G,0
E16F,-0.03
E16I,-0.02
E16H,0
E16K,0.02
E16M,0
E16L,0
E16N,0
E16Q,0.01
E16P,0.01
E16S,0.01
E16R,-0.02
E16T,0
E16W,-0.03
E16V,-0.01
E16Y,-0.03
V17A,0.02
V17C,0.02
V17E,-0.48
V17D,-0.95
V17G,-0.01
V17F,-0.05
V17I,-0.02
V17H,-0.03
V17K,-1.34
V17M,0
V17L,0
V17N,-0.09
V17Q,-0.03
V17P,-0.07
V17S,0
V17R,-0.92
V17T,0
V17W,-0.58
V17Y,0.02
E18A,0.02
E18C,0.01
E18D,0.02
E18G,0.01
E18F,-0.03
E18I,0.02
E18H,0.02
E18K,0.02
E18M,0.02
E18L,0.02
E18N,0.02
E18Q,0.02
E18P,-0.01
E18S,0.02
E18R,0.01
E18T,0.02
E18W,-0.05
E18V,0.02
E18Y,-0.02
S19A,0.01
S19C,0
S19E,0
S19D,0
S19G,0
S19F,-0.02
S19I,-0.01
S19H,0.01
S19K,-0.02
S19M,-0.01
S19L,0
S19N,0.01
S19Q,0
S19P,0
S19R,-0.01
S19T,0.01
S19W,-0.05
S19V,0
S19Y,-0.01
S20A,0
S20C,0.03
S20E,0
S20D,0
S20G,0.02
S20F,0
S20I,0.01
S20H,0.02
S20K,0.02
S20M,0.02
S20L,0.02
S20N,0.01
S20Q,0
S20P,-0.04
S20R,0.02
S20T,0.02
S20W,-0.03
S20V,0.01
S20Y,0.01
D21A,0
D21C,0
D21E,0
D21G,-0.07
D21F,-0.06
D21I,-0.06
D21H,-0.02
D21K,-0.22
D21M,0
D21L,-0.05
D21N,0.03
D21Q,-0.02
D21P,-1.04
D21S,0
D21R,-0.32
D21T,-0.01
D21W,-0.05
D21V,-0.09
D21Y,-0.04
T22A,-0.05
T22C,-0.09
T22E,-0.09
T22D,-0.04
T22G,-0.07
T22F,-0.12
T22I,-0.05
T22H,-0.06
T22K,-0.04
T22M,-0.06
T22L,-0.1
T22N,-0.04
T22Q,-0.13
T22P,-0.06
T22S,-0.05
T22R,-0.05
T22W,-0.18
T22V,-0.07
T22Y,-0.09
I23A,-0.04
I23C,-0.03
I23E,-0.69
I23G,-0.25
I23F,-0.08
I23H,-0.66
I23M,-0.01
I23L,0.01
I23N,-0.66
I23Q,-0.23
I23P,-0.06
I23S,-0.08
I23R,-0.21
I23T,-0.02
I23W,-1.39
I23V,-0.02
D24A,-0.04
D24C,-0.02
D24E,-0.02
D24G,-0.04
D24F,-0.14
D24I,-0.05
D24H,-0.09
D24K,-0.18
D24M,-0.05
D24L,-0.11
D24N,-0.03
D24Q,-0.09
D24P,-0.09
D24S,-0.03
D24R,-0.15
D24T,-0.02
D24W,-0.24
D24V,-0.03
D24Y,-0.12
N25A,-0.01
N25C,-0.02
N25E,0
N25D,0.01
N25G,-0.02
N25F,-0.07
N25I,-0.03
N25H,-0.02
N25K,-0.02
N25M,-0.02
N25L,-0.05
N25Q,-0.01
N25P,-1.09
N25S,-0.03
N25R,-0.01
N25T,-0.01
N25W,-0.08
N25V,-0.02
N25Y,-0.06
V26A,-0.1
V26C,-0.02
V26F,-0.36
V26I,-0.02
V26M,-0.04
V26L,-0.02
V26R,-0.61
V26T,-0.05
K27A,-0.16
K27C,-0.16
K27E,-0.78
K27G,-0.12
K27F,-0.32
K27I,-0.57
K27H,-0.18
K27M,-0.31
K27L,-0.84
K27N,-0.8
K27Q,-0.08
K27S,-0.42
K27R,-0.03
K27T,-0.2
K27W,-0.53
K27V,-0.76
K27Y,-0.26
S28A,-0.02
S28C,-0.02
S28E,-0.06
S28D,-0.01
S28G,-0.05
S28F,-0.19
S28I,-0.12
S28H,0
S28K,-0.03
S28M,-0.03
S28L,-0.06
S28N,-0.02
S28Q,-0.02
S28P,-0.42
S28R,-0.05
S28T,0
S28W,-0.09
S28V,-0.05
S28Y,-0.07
K29A,0.02
K29C,0.01
K29G,-0.01
K29F,-0.01
K29I,-0.02
K29H,0
K29M,-0.02
K29L,-0.01
K29N,0.02
K29Q,0.01
K29S,0
K29R,-0.01
K29T,-0.02
K29W,-0.03
K29V,-0.02
K29Y,0.02
I30A,-0.58
I30C,-0.1
I30F,-0.1
I30M,-0.01
I30L,0.03
I30P,-0.13
I30S,-0.37
I30R,-0.5
I30T,-0.27
I30V,0.01
I30Y,-0.17
Q31A,-0.03
Q31C,-0.02
Q31E,0.03
Q31D,0.05
Q31G,0.02
Q31F,-0.05
Q31I,-0.12
Q31H,0.03
Q31K,-0.01
Q31M,0
Q31L,0.02
Q31N,0.04
Q31P,-0.94
Q31S,-0.03
Q31R,0
Q31T,-0.02
Q31W,-0.02
Q31V,0
Q31Y,-0.02
D32A,-0.07
D32C,-0.13
D32E,0.01
D32G,-0.12
D32F,-0.21
D32I,-0.23
D32H,-0.12
D32K,-0.2
D32M,-0.11
D32L,-0.21
D32N,-0.1
D32Q,-0.09
D32P,-0.72
D32S,-0.09
D32R,-0.27
D32T,-0.12
D32V,-0.17
D32Y,-0.17
K33A,-0.03
K33C,-0.04
K33E,-0.1
K33D,-0.09
K33G,-0.06
K33F,-0.11
K33I,-0.03
K33H,-0.04
K33M,-0.07
K33L,-0.07
K33N,-0.06
K33Q,-0.06
K33P,-0.97
K33S,-0.04
K33R,-0.1
K33T,-0.03
K33W,-0.11
K33V,-0.02
K33Y,-0.08
E34A,0
E34C,-0.09
E34D,0
E34G,0.01
E34F,-0.89
E34I,-0.31
E34H,-0.07
E34K,-0.18
E34M,-0.09
E34L,-0.5
E34N,-0.03
E34Q,-0.03
E34P,-0.8
E34S,0
E34R,-0.59
E34T,-0.14
E34V,-0.08
E34Y,-0.67
G35A,-0.02
G35C,-0.08
G35E,-0.19
G35D,-0.34
G35F,-0.19
G35I,-0.18
G35H,-0.13
G35K,-0.16
G35M,-0.13
G35L,-0.2
G35N,-0.06
G35Q,-0.1
G35P,-0.48
G35S,-0.07
G35R,-0.16
G35T,-0.22
G35W,-0.36
G35V,-0.15
G35Y,-0.24
I36A,-0.73
I36C,-0.16
I36G,-0.81
I36H,-0.49
I36M,0
I36L,0.01
I36Q,-0.21
I36P,-0.62
I36S,-0.63
I36R,-0.92
I36T,-0.19
I36W,-0.67
I36V,0.01
I36Y,-1.03
P37A,0.03
P37C,0
P37E,0.01
P37D,0.01
P37G,0.02
P37F,-0.11
P37I,-0.01
P37H,0
P37K,0.05
P37M,0.01
P37L,0
P37N,0.02
P37Q,0.03
P37S,0.03
P37R,-0.01
P37T,0.02
P37W,-0.15
P37V,-0.01
P37Y,-0.11
P38A,0.02
P38C,0.02
P38E,0.04
P38D,0.03
P38G,0.02
P38F,0.01
P38I,0.03
P38H,0.04
P38K,0.03
P38M,0.03
P38L,0.05
P38N,0.01
P38Q,0.03
P38S,0.03
P38R,0.03
P38T,0.03
P38W,0.01
P38V,0.03
P38Y,0.01
D39A,0
D39C,-0.03
D39E,0.03
D39G,-0.01
D39F,-0.09
D39I,-0.05
D39H,-0.03
D39K,-0.09
D39M,-0.04
D39L,-0.02
D39N,-0.02
D39Q,0
D39P,0
D39S,0
D39R,-0.17
D39W,-0.14
D39V,-0.03
D39Y,-0.09
Q40A,-0.04
Q40C,-0.18
Q40E,-0.13
Q40D,-0.3
Q40G,-0.07
Q40F,-0.21
Q40I,-0.14
Q40H,-0.03
Q40K,-0.18
Q40M,-0.16
Q40L,-0.18
Q40N,-0.04
Q40P,-0.7
Q40S,-0.05
Q40R,-0.23
Q40T,-0.01
Q40V,-0.08
Q40Y,-0.24
Q41A,0.02
Q41C,-0.01
Q41E,-0.73
Q41D,-0.59
Q41G,-0.15
Q41F,-0.46
Q41I,-0.09
Q41H,-0.58
Q41M,-0.04
Q41L,-0.08
Q41N,-0.22
Q41P,-1.12
Q41S,0
Q41R,-0.85
Q41T,-0.21
Q41V,-0.19
Q41Y,-0.67
R42A,-0.43
R42C,-0.37
R42E,-0.91
R42D,-0.68
R42G,-0.73
R42F,-0.82
R42I,-0.76
R42H,-0.58
R42L,-0.96
R42N,-0.54
R42Q,-0.67
R42P,-1.22
R42S,-0.74
R42T,-0.85
R42W,-1.08
R42V,-0.49
R42Y,-0.53
L43A,-0.88
L43C,-0.18
L43F,-0.13
L43I,-0.01
L43M,0.01
L43R,-0.94
L43W,-0.85
L43V,-0.03
L43Y,-0.3
I44A,-0.84
I44C,-0.24
I44E,-1.07
I44D,-0.7
I44G,-0.89
I44F,-0.92
I44H,-1.08
I44K,-0.97
I44M,-0.31
I44L,-0.02
I44N,-0.88
I44Q,-1
I44S,-0.91
I44R,-0.88
I44T,-0.92
I44W,-0.79
I44V,-0.06
I44Y,-1.24
F45A,0.01
F45C,0
F45E,-0.94
F45D,-0.93
F45G,-0.08
F45I,-0.05
F45H,-0.01
F45K,-0.67
F45M,-0.07
F45L,-0.14
F45N,-0.04
F45Q,-0.1
F45S,0
F45R,-0.15
F45T,-0.05
F45W,-0.02
F45V,-0.05
F45Y,0
A46C,-0.04
A46E,-0.7
A46D,-0.51
A46G,-0.04
A46F,-0.46
A46I,-0.23
A46H,-0.13
A46K,-1.07
A46M,-0.33
A46L,-0.61
A46N,-0.15
A46Q,-0.45
A46P,-0.71
A46S,-0.01
A46R,-0.46
A46T,-0.05
A46W,-0.15
A46V,-0.24
A46Y,-0.41
G47A,-0.21
G47E,-0.58
G47Q,-0.58
G47S,-0.22
K48A,-0.94
K48C,-0.97
K48E,-1.08
K48D,-0.9
K48G,-0.85
K48F,-1.52
K48I,-0.95
K48H,-1.07
K48M,-0.92
K48L,-1.01
K48N,-0.79
K48Q,-0.94
K48P,-0.92
K48S,-0.89
K48R,-0.93
K48T,-1.01
K48W,-1.44
K48V,-0.92
K48Y,-0.92
Q49A,-0.08
Q49C,-0.29
Q49G,-0.04
Q49H,-0.18
Q49K,-0.36
Q49M,-0.73
Q49L,-0.91
Q49N,-0.1
Q49P,-0.88
Q49S,-0.07
Q49T,-0.58
L50A,-0.68
L50C,-0.58
L50I,-0.05
L50M,0
L50T,-0.38
L50V,-0.04
E51A,-0.06
E51C,-0.06
E51D,0.06
E51G,-0.02
E51F,-0.07
E51I,-0.03
E51H,-0.04
E51K,-0.38
E51M,-0.03
E51L,-0.05
E51N,0.01
E51Q,0.03
E51P,-0.14
E51S,-0.06
E51R,-0.49
E51T,-0.04
E51W,-0.22
E51V,-0.01
E51Y,-0.16
D52A,0.04
D52C,0.01
D52E,0.03
D52G,0.04
D52F,-0.06
D52I,-0.01
D52H,0.03
D52K,0.01
D52M,0.02
D52L,0.03
D52N,0.02
D52Q,0.03
D52P,0.03
D52S,0.02
D52R,0.01
D52T,0.04
D52W,-0.09
D52V,0.02
D52Y,-0.03
G53A,0.05
G53C,0.04
G53E,0.06
G53D,0.05
G53F,0.03
G53I,0.03
G53H,0.04
G53K,0.06
G53M,0.04
G53L,0.03
G53N,0.06
G53Q,0.06
G53P,0.04
G53S,0.04
G53R,0.05
G53T,0.04
G53W,0.01
G53V,0.04
G53Y,0.01
R54A,0.01
R54C,-0.02
R54E,-0.08
R54D,-0.09
R54G,0
R54F,-0.01
R54I,0.02
R54H,-0.02
R54K,-0.02
R54M,0
R54L,0
R54N,-0.01
R54Q,-0.01
R54P,0.01
R54S,-0.01
R54T,0
R54V,0.02
R54Y,0
T55A,0.03
T55C,0.01
T55E,0
T55D,-0.03
T55G,-0.03
T55F,-0.01
T55I,0
T55H,0.03
T55K,0.01
T55M,-0.01
T55L,-0.01
T55N,0.01
T55Q,0
T55P,0
T55S,0.02
T55R,0.03
T55W,-0.11
T55V,0
T55Y,-0.01
L56A,-0.4
L56C,-0.03
L56F,-0.03
L56I,0
L56M,-0.02
L56P,-0.57
L56T,-0.31
L56W,-0.67
L56V,0.01
S57A,0.01
S57C,0
S57E,0.02
S57D,-0.01
S57G,0.01
S57F,0
S57I,0.01
S57H,0.02
S57K,0.01
S57M,0.01
S57L,0.02
S57N,0
S57Q,0.03
S57P,-0.08
S57R,0.02
S57T,0.02
S57W,-0.07
S57V,-0.01
S57Y,-0.01
D58A,0
D58C,0.03
D58E,-0.07
D58G,-0.08
D58F,-0.59
D58I,-0.31
D58H,-0.46
D58K,-0.1
D58M,-0.5
D58L,-0.35
D58N,-0.05
D58Q,-0.13
D58S,-0.11
D58R,-0.23
D58T,-0.05
D58W,-0.14
D58V,-0.2
D58Y,-0.23
Y59A,-0.38
Y59C,-0.03
Y59E,-0.63
Y59F,0.02
Y59I,-0.58
Y59H,0.02
Y59M,-0.1
Y59L,-0.24
Y59N,-0.06
Y59Q,-0.22
Y59P,-0.87
Y59S,-0.12
Y59T,-1.24
Y59W,-0.03
Y59V,-0.29
N60A,-0.01
N60C,-0.03
N60E,-0.43
N60D,-0.02
N60G,-0.03
N60F,-0.17
N60I,-0.19
N60H,0.02
N60K,-0.04
N60M,-0.1
N60L,-0.15
N60Q,-0.08
N60P,-0.28
N60S,-0.01
N60R,-0.03
N60T,-0.05
N60V,-0.05
N60Y,-0.24
I61A,-0.24
I61C,-0.02
I61E,-0.32
I61D,-0.7
I61G,-0.41
I61F,-0.15
I61H,-0.52
I61K,-0.52
I61M,-0.01
I61L,-0.01
I61Q,-0.64
I61P,-0.78
I61S,-0.6
I61R,-0.5
I61T,-0.57
I61W,-0.58
I61V,0.01
Q62A,0.01
Q62C,0
Q62E,0.02
Q62D,0
Q62G,0.01
Q62F,-0.01
Q62I,0.05
Q62H,0.03
Q62K,0.01
Q62M,0.01
Q62L,0.02
Q62N,0.03
Q62P,-0.02
Q62S,0.02
Q62R,0
Q62T,0.03
Q62W,-0.06
Q62V,0.04
Q62Y,0.01
K63A,-0.05
K63C,-0.04
K63E,-0.06
K63D,-0.06
K63G,-0.05
K63F,-0.07
K63I,-0.05
K63H,-0.03
K63M,-0.02
K63L,-0.03
K63N,-0.02
K63Q,-0.04
K63P,-0.04
K63S,-0.05
K63R,-0.06
K63T,-0.03
K63W,-0.08
K63V,-0.05
K63Y,-0.06
E64A,0.02
E64C,0.01
E64D,-0.11
E64G,0
E64F,-0.03
E64I,-0.13
E64H,0.03
E64K,-0.46
E64M,0.04
E64L,0
E64N,0.04
E64Q,0.06
E64P,-0.22
E64S,-0.01
E64R,-0.29
E64T,0
E64W,-0.06
E64V,-0.06
E64Y,-0.05
S65A,0.03
S65C,0
S65E,-0.24
S65D,-0.09
S65G,0.04
S65F,-0.02
S65I,-0.08
S65H,0.03
S65K,-0.19
S65M,0
S65L,-0.17
S65N,0.04
S65Q,0.02
S65P,-0.62
S65R,-0.05
S65T,0.02
S65W,-0.19
S65V,-0.04
S65Y,-0.04
T66A,-0.27
T66C,-0.03
T66E,-0.32
T66D,-0.05
T66G,-0.1
T66F,-0.51
T66I,-0.34
T66H,-0.12
T66M,-0.15
T66L,-0.12
T66N,0.01
T66Q,-0.17
T66P,-0.38
T66S,0.03
T66R,-0.36
T66W,-0.5
T66V,-0.18
T66Y,-0.4
L67A,-0.35
L67C,0.01
L67E,-0.42
L67D,-0.61
L67G,-0.46
L67F,-0.02
L67I,0.02
L67H,-0.63
L67K,-0.73
L67M,0.02
L67N,-0.54
L67Q,-0.75
L67P,-0.4
L67S,-0.7
L67R,-0.66
L67T,-0.16
L67V,0.03
L67Y,-0.52
H68A,-0.21
H68C,-0.24
H68E,-0.71
H68D,-0.95
H68G,-0.65
H68F,-0.26
H68I,-0.61
H68M,-0.52
H68L,-1.2
H68N,-0.17
H68Q,-0.24
H68P,-0.9
H68S,-0.24
H68T,-0.5
H68W,-0.7
H68V,-0.3
H68Y,-0.47
L69A,-0.49
L69C,-0.15
L69E,-1.01
L69D,-0.95
L69G,-0.87
L69F,-0.07
L69I,-0.07
L69H,-0.47
L69K,-1.15
L69M,-0.01
L69N,-0.61
L69Q,-0.9
L69S,-0.76
L69R,-0.91
L69T,-0.74
L69W,-0.51
L69V,-0.09
L69Y,-0.47
V70A,-0.63
V70C,-0.09
V70E,-0.97
V70D,-0.92
V70G,-0.93
V70I,-0.08
V70K,-1.02
V70M,-0.76
V70L,-0.25
V70N,-0.97
V70Q,-0.96
V70P,-1.03
V70S,-0.99
V70R,-0.9
V70T,-0.48
L71C,-1.01
L71F,-0.42
L71I,-0.8
L71H,-0.81
L71K,-1.02
L71M,-0.06
L71Q,-0.88
L71P,-0.97
L71R,-0.86
L71Y,-0.97
R72A,-0.46
R72C,-0.55
R72E,-0.95
R72D,-0.82
R72G,-0.47
R72F,-0.81
R72I,-0.98
R72H,-0.49
R72K,-0.45
R72M,-0.65
R72L,-0.92
R72N,-0.55
R72Q,-0.45
R72P,-0.97
R72S,-0.32
R72T,-0.41
R72W,-1.01
R72V,-0.91
R72Y,-1.02
L73A,-0.94
L73C,-0.58
L73F,-0.81
L73I,-0.4
L73M,-0.67
L73T,-1.07
L73V,-0.51
R74A,-0.88
R74E,-0.91
R74K,-0.15
R74S,-0.82
R74T,-0.93
G75A,-0.96
G75E,-0.99
G75D,-0.78
G75F,-0.85
G75I,-0.98
G75H,-0.88
G75K,-0.9
G75M,-0.95
G75L,-0.95
G75N,-0.82
G75Q,-0.84
G75P,-0.94
G75R,-0.89
G75V,-1
G75Y,-0.88
G76C,-0.85
G76E,-0.93
G76D,-0.82
G76H,-1.08
G76P,-0.89
G76S,-0.68
G76R,-0.98
G76T,-0.91
